<?xml version="1.0" encoding="UTF-8" standalone="no" ?>
<!--
    This program is free software: you can redistribute it and/or modify
    it under the terms of the GNU General Public License as published by
    the Free Software Foundation, either version 3 of the License, or
    (at your option) any later version.

    This program is distributed in the hope that it will be useful,
    but WITHOUT ANY WARRANTY; without even the implied warranty of
    MERCHANTABILITY or FITNESS FOR A PARTICULAR PURPOSE.  See the
    GNU General Public License for more details.

    You should have received a copy of the GNU General Public License
    along with this program.  If not, see <http://www.gnu.org/licenses/>.
-->


<options>
	<ignore>
		
	</ignore>
	<Display>
        <list name="adapter" title="Display" description="The display on which to render the game" default="0"></list>
		<list name="screenmode" title="Screen Mode" description="Full Screen Exclusive enables VSync. Fullscreen Window may be needed on certain systems." default="0">
			<listitem value="1">Full Screen Exclusive</listitem>
			<listitem value="2">Full Screen Window</listitem>
			<listitem value="3">Windowed</listitem>
		</list>
		<list name="resolution" title="Screen Resolution" description="The in-game screen resolution when Full Screen Exclusive is selected as the Screen Mode"></list>
		<input name="windowsize" title="Window Size" description="The in-game dimensions of the window when Windowed is selected as the Screen Mode" default="800 x 600" type="dimensions"></input>
        <boolean name="interfaceresolution" title="Interface Resolution" description="Set the interface resolution to the screen resolution. (Requires interface support)" default="0"></boolean>
		<list name="vsync" title="VSync" description="VSync locks the FPS to your screen's refresh rate and eliminates tearing." default="0">
            <listitem value="0">Disabled</listitem>
            <listitem value="1">Enabled (Wait)</listitem>
        </list>
		<boolean name="triplebuffering" title="Triple Buffering" description="May alleviate performance loss from VSync. May affect input latency." default="0"></boolean>
		<list name="antialiasing" title="Antialiasing" description="Smooths the edges of objects. (Moderate-high performance impact)" default="0">
			<listitem value="0">Disabled</listitem>
			<listitem value="2">2x</listitem>
			<listitem value="4">4x</listitem>
			<listitem value="8">8x</listitem>
			<listitem value="16">16x</listitem>
		</list>
		<list name="filtering" title="Anisotropic Filtering" description="Improves the quality of textures when viewed at an oblique angle. (Low performance impact)" default="0">
			<listitem value="0">Disabled</listitem>
			<listitem value="2">2x</listitem>
			<listitem value="4">4x</listitem>
			<listitem value="8">8x</listitem>
			<listitem value="16">16x</listitem>
		</list>
		<boolean name="wireframe" title="Wireframe" description="Draw only the edges of primitives." default="0"></boolean>
	</Display>
    <Graphics>
		<input name="fov" title="FOV Modifier" description="Field of view modifier. Positive value zooms the camera in, negative zooms out." type="integer" default="0" />
    </Graphics>
    <Sound>
		<input name="samplerate" title="Audio Frequency" description="The output frequency of the Launcher's audio engine. This does not affect the game's default audio." type="integer" default="48000" />
    </Sound>
	<Game>
        <folder name="mydocspath" title="My Documents Path" description="Path to your Documents folder. Can be used for having multiple self-contained game installs" default="{MYDOCS}" type="text"></folder>
        <list name="icing" title="Icing" description="Force an icing rule" default="0">
            <listitem value="0">Default</listitem>
            <listitem value="1">No-Touch</listitem>
        </list>
    </Game>
    <Interface>
        <boolean name="interfacegpu" title="GPU Acceleration" description = "GPU acceleration of the interface web control. Enabling this can increase performance on certain pages." default="0"></boolean>
        <list name="iemode" title="IE Mode" description = "The IE compatibility mode of the interface. Interface support is required for Edge mode." default="0">
            <listitem value="legacy">Legacy</listitem>
            <listitem value="edge">Edge</listitem>
        </list>
        <list name="interface" title="Interface" description = "Select the Interface you would like to use"></list>
    </Interface>
	<Misc>
		<boolean name="createlog" title="Enable Debug Logging" description="Logs debug info to 'Launcher Log.txt'. (Possible performance impact)" default="0"></boolean>
		<boolean name="logtoconsole" title="Log to Console" description="Open a console window and write the debug output" default="0"></boolean>
        <boolean name="preciseluatimer" title="Precise Script Timer" description="Increases the precision of timers created in Launcher scripts" default="0"></boolean>
        <boolean name="disableintro" title="Disable Intro" description="Disable intro videos that play as soon as you run the game" default="1"></boolean>
	</Misc>
	<Compatability>
		<list name="devicetype" title="Device Type" description="The D3D8 device type. Anything but default overrides the game's default choice" default="0">
			<listitem value="0">Default</listitem>
            <listitem value="1">HAL (Hardware)</listitem>
			<listitem value="2">Ref (Software)</listitem>
		</list>
		<list name="vertexprocessing" title="Vertex Processing" description="The D3D8 vertex processing mode. Anything but default overrides the game's default choice" default="0">
			<listitem value="0">Default</listitem>
            <listitem value="1">Hardware</listitem>
			<listitem value="2">Mixed</listitem>
			<listitem value="3">Software</listitem>
		</list>	
        <boolean name="puredevice" title="Pure Device" description="Set the D3D pure device parameter. (Not recommended)" default="0"></boolean>
        <list name="highpriority" title="Process Priority" description="Priority of the nhl2004.exe process" default="0">
			<listitem value="0">Normal</listitem>
            <listitem value="1">High</listitem>            
        </list>
	</Compatability>
	<Modding>
		<boolean name="loadmods" title="Load Mods" description="Load and execute launcher mods" default="1"></boolean>
        <boolean name="loadscripts" title="Load Lua Scripts" description="Load and execute Launcher lua scripts" default="1"></boolean>
        
		<boolean name="dumptextures" title="Dump Textures" description="Dump textures as primitives are rendered (huge performance impact)" default="0"></boolean>
		<boolean name="dumppixelshaders" title="Dump Pixel Shaders" description="Decompile and dump pixel shaders as primitives are rendered (huge performance impact)" default="0"></boolean>
		<boolean name="dumpvertexshaders" title="Dump Vertex Shaders" description="Decompile and dump vertex shaders as primitives are rendered (huge performance impact)" default="0"></boolean>
	</Modding>
</options>
